{
  "hash": "94e45c15",
  "configHash": "68341dd8",
  "lockfileHash": "b67611dc",
  "browserHash": "be8aa893",
  "optimized": {
    "@angular/cdk/accordion": {
      "src": "../../../../../../node_modules/@angular/cdk/fesm2022/accordion.mjs",
      "file": "@angular_cdk_accordion.js",
      "fileHash": "123206f8",
      "needsInterop": false
    },
    "@angular/cdk/bidi": {
      "src": "../../../../../../node_modules/@angular/cdk/fesm2022/bidi.mjs",
      "file": "@angular_cdk_bidi.js",
      "fileHash": "136b81fc",
      "needsInterop": false
    },
    "@angular/cdk/scrolling": {
      "src": "../../../../../../node_modules/@angular/cdk/fesm2022/scrolling.mjs",
      "file": "@angular_cdk_scrolling.js",
      "fileHash": "0adf7d05",
      "needsInterop": false
    },
    "@angular/cdk/text-field": {
      "src": "../../../../../../node_modules/@angular/cdk/fesm2022/text-field.mjs",
      "file": "@angular_cdk_text-field.js",
      "fileHash": "c12338bb",
      "needsInterop": false
    },
    "@angular/common": {
      "src": "../../../../../../node_modules/@angular/common/fesm2022/common.mjs",
      "file": "@angular_common.js",
      "fileHash": "f51a4f7d",
      "needsInterop": false
    },
    "@angular/common/http": {
      "src": "../../../../../../node_modules/@angular/common/fesm2022/http.mjs",
      "file": "@angular_common_http.js",
      "fileHash": "67c7c0c5",
      "needsInterop": false
    },
    "@angular/core": {
      "src": "../../../../../../node_modules/@angular/core/fesm2022/core.mjs",
      "file": "@angular_core.js",
      "fileHash": "002abd90",
      "needsInterop": false
    },
    "@angular/forms": {
      "src": "../../../../../../node_modules/@angular/forms/fesm2022/forms.mjs",
      "file": "@angular_forms.js",
      "fileHash": "cf29c2ff",
      "needsInterop": false
    },
    "@angular/material/autocomplete": {
      "src": "../../../../../../node_modules/@angular/material/fesm2022/autocomplete.mjs",
      "file": "@angular_material_autocomplete.js",
      "fileHash": "c25e5e17",
      "needsInterop": false
    },
    "@angular/material/badge": {
      "src": "../../../../../../node_modules/@angular/material/fesm2022/badge.mjs",
      "file": "@angular_material_badge.js",
      "fileHash": "22e0e947",
      "needsInterop": false
    },
    "@angular/material/bottom-sheet": {
      "src": "../../../../../../node_modules/@angular/material/fesm2022/bottom-sheet.mjs",
      "file": "@angular_material_bottom-sheet.js",
      "fileHash": "45895e31",
      "needsInterop": false
    },
    "@angular/material/button": {
      "src": "../../../../../../node_modules/@angular/material/fesm2022/button.mjs",
      "file": "@angular_material_button.js",
      "fileHash": "6d0396de",
      "needsInterop": false
    },
    "@angular/material/button-toggle": {
      "src": "../../../../../../node_modules/@angular/material/fesm2022/button-toggle.mjs",
      "file": "@angular_material_button-toggle.js",
      "fileHash": "2a2e4cf8",
      "needsInterop": false
    },
    "@angular/material/card": {
      "src": "../../../../../../node_modules/@angular/material/fesm2022/card.mjs",
      "file": "@angular_material_card.js",
      "fileHash": "f24ada38",
      "needsInterop": false
    },
    "@angular/material/checkbox": {
      "src": "../../../../../../node_modules/@angular/material/fesm2022/checkbox.mjs",
      "file": "@angular_material_checkbox.js",
      "fileHash": "6bca8d6f",
      "needsInterop": false
    },
    "@angular/material/chips": {
      "src": "../../../../../../node_modules/@angular/material/fesm2022/chips.mjs",
      "file": "@angular_material_chips.js",
      "fileHash": "ddddbeb6",
      "needsInterop": false
    },
    "@angular/material/core": {
      "src": "../../../../../../node_modules/@angular/material/fesm2022/core.mjs",
      "file": "@angular_material_core.js",
      "fileHash": "a146ffbf",
      "needsInterop": false
    },
    "@angular/material/datepicker": {
      "src": "../../../../../../node_modules/@angular/material/fesm2022/datepicker.mjs",
      "file": "@angular_material_datepicker.js",
      "fileHash": "717ee670",
      "needsInterop": false
    },
    "@angular/material/dialog": {
      "src": "../../../../../../node_modules/@angular/material/fesm2022/dialog.mjs",
      "file": "@angular_material_dialog.js",
      "fileHash": "346b19ec",
      "needsInterop": false
    },
    "@angular/material/divider": {
      "src": "../../../../../../node_modules/@angular/material/fesm2022/divider.mjs",
      "file": "@angular_material_divider.js",
      "fileHash": "46e69800",
      "needsInterop": false
    },
    "@angular/material/expansion": {
      "src": "../../../../../../node_modules/@angular/material/fesm2022/expansion.mjs",
      "file": "@angular_material_expansion.js",
      "fileHash": "541ff76c",
      "needsInterop": false
    },
    "@angular/material/form-field": {
      "src": "../../../../../../node_modules/@angular/material/fesm2022/form-field.mjs",
      "file": "@angular_material_form-field.js",
      "fileHash": "a327773c",
      "needsInterop": false
    },
    "@angular/material/icon": {
      "src": "../../../../../../node_modules/@angular/material/fesm2022/icon.mjs",
      "file": "@angular_material_icon.js",
      "fileHash": "9cd201d9",
      "needsInterop": false
    },
    "@angular/material/input": {
      "src": "../../../../../../node_modules/@angular/material/fesm2022/input.mjs",
      "file": "@angular_material_input.js",
      "fileHash": "e7731ad7",
      "needsInterop": false
    },
    "@angular/material/list": {
      "src": "../../../../../../node_modules/@angular/material/fesm2022/list.mjs",
      "file": "@angular_material_list.js",
      "fileHash": "fb5eb6f3",
      "needsInterop": false
    },
    "@angular/material/menu": {
      "src": "../../../../../../node_modules/@angular/material/fesm2022/menu.mjs",
      "file": "@angular_material_menu.js",
      "fileHash": "6748c264",
      "needsInterop": false
    },
    "@angular/material/paginator": {
      "src": "../../../../../../node_modules/@angular/material/fesm2022/paginator.mjs",
      "file": "@angular_material_paginator.js",
      "fileHash": "b432c665",
      "needsInterop": false
    },
    "@angular/material/progress-bar": {
      "src": "../../../../../../node_modules/@angular/material/fesm2022/progress-bar.mjs",
      "file": "@angular_material_progress-bar.js",
      "fileHash": "b1bceb60",
      "needsInterop": false
    },
    "@angular/material/progress-spinner": {
      "src": "../../../../../../node_modules/@angular/material/fesm2022/progress-spinner.mjs",
      "file": "@angular_material_progress-spinner.js",
      "fileHash": "7367b20d",
      "needsInterop": false
    },
    "@angular/material/radio": {
      "src": "../../../../../../node_modules/@angular/material/fesm2022/radio.mjs",
      "file": "@angular_material_radio.js",
      "fileHash": "cc16a820",
      "needsInterop": false
    },
    "@angular/material/select": {
      "src": "../../../../../../node_modules/@angular/material/fesm2022/select.mjs",
      "file": "@angular_material_select.js",
      "fileHash": "e7bac34a",
      "needsInterop": false
    },
    "@angular/material/sidenav": {
      "src": "../../../../../../node_modules/@angular/material/fesm2022/sidenav.mjs",
      "file": "@angular_material_sidenav.js",
      "fileHash": "4c1c3d44",
      "needsInterop": false
    },
    "@angular/material/slide-toggle": {
      "src": "../../../../../../node_modules/@angular/material/fesm2022/slide-toggle.mjs",
      "file": "@angular_material_slide-toggle.js",
      "fileHash": "48171973",
      "needsInterop": false
    },
    "@angular/material/slider": {
      "src": "../../../../../../node_modules/@angular/material/fesm2022/slider.mjs",
      "file": "@angular_material_slider.js",
      "fileHash": "e92a3a23",
      "needsInterop": false
    },
    "@angular/material/snack-bar": {
      "src": "../../../../../../node_modules/@angular/material/fesm2022/snack-bar.mjs",
      "file": "@angular_material_snack-bar.js",
      "fileHash": "a40d9975",
      "needsInterop": false
    },
    "@angular/material/sort": {
      "src": "../../../../../../node_modules/@angular/material/fesm2022/sort.mjs",
      "file": "@angular_material_sort.js",
      "fileHash": "6f51cfd1",
      "needsInterop": false
    },
    "@angular/material/stepper": {
      "src": "../../../../../../node_modules/@angular/material/fesm2022/stepper.mjs",
      "file": "@angular_material_stepper.js",
      "fileHash": "d9a3d371",
      "needsInterop": false
    },
    "@angular/material/table": {
      "src": "../../../../../../node_modules/@angular/material/fesm2022/table.mjs",
      "file": "@angular_material_table.js",
      "fileHash": "a59033a2",
      "needsInterop": false
    },
    "@angular/material/tabs": {
      "src": "../../../../../../node_modules/@angular/material/fesm2022/tabs.mjs",
      "file": "@angular_material_tabs.js",
      "fileHash": "c4fe934c",
      "needsInterop": false
    },
    "@angular/material/timepicker": {
      "src": "../../../../../../node_modules/@angular/material/fesm2022/timepicker.mjs",
      "file": "@angular_material_timepicker.js",
      "fileHash": "2b1018cc",
      "needsInterop": false
    },
    "@angular/material/toolbar": {
      "src": "../../../../../../node_modules/@angular/material/fesm2022/toolbar.mjs",
      "file": "@angular_material_toolbar.js",
      "fileHash": "956c5eeb",
      "needsInterop": false
    },
    "@angular/material/tooltip": {
      "src": "../../../../../../node_modules/@angular/material/fesm2022/tooltip.mjs",
      "file": "@angular_material_tooltip.js",
      "fileHash": "8c0e1798",
      "needsInterop": false
    },
    "@angular/material/tree": {
      "src": "../../../../../../node_modules/@angular/material/fesm2022/tree.mjs",
      "file": "@angular_material_tree.js",
      "fileHash": "98a28434",
      "needsInterop": false
    },
    "@angular/platform-browser": {
      "src": "../../../../../../node_modules/@angular/platform-browser/fesm2022/platform-browser.mjs",
      "file": "@angular_platform-browser.js",
      "fileHash": "c1833b28",
      "needsInterop": false
    },
    "@angular/platform-browser/animations": {
      "src": "../../../../../../node_modules/@angular/platform-browser/fesm2022/animations.mjs",
      "file": "@angular_platform-browser_animations.js",
      "fileHash": "e15b971f",
      "needsInterop": false
    },
    "@angular/router": {
      "src": "../../../../../../node_modules/@angular/router/fesm2022/router.mjs",
      "file": "@angular_router.js",
      "fileHash": "3e314d87",
      "needsInterop": false
    },
    "rxjs": {
      "src": "../../../../../../node_modules/rxjs/dist/esm5/index.js",
      "file": "rxjs.js",
      "fileHash": "027d4a59",
      "needsInterop": false
    }
  },
  "chunks": {
    "chunk-TXTLEN7N": {
      "file": "chunk-TXTLEN7N.js"
    },
    "chunk-4WQ5ITNC": {
      "file": "chunk-4WQ5ITNC.js"
    },
    "chunk-P4WTAAAO": {
      "file": "chunk-P4WTAAAO.js"
    },
    "chunk-XYECQSS6": {
      "file": "chunk-XYECQSS6.js"
    },
    "chunk-343LNMN3": {
      "file": "chunk-343LNMN3.js"
    },
    "chunk-ZHOYL27Q": {
      "file": "chunk-ZHOYL27Q.js"
    },
    "chunk-ADIC4X47": {
      "file": "chunk-ADIC4X47.js"
    },
    "chunk-ZXKBW24U": {
      "file": "chunk-ZXKBW24U.js"
    },
    "chunk-FV6WM5DC": {
      "file": "chunk-FV6WM5DC.js"
    },
    "chunk-VM4IKWMB": {
      "file": "chunk-VM4IKWMB.js"
    },
    "chunk-OQ4VTOMY": {
      "file": "chunk-OQ4VTOMY.js"
    },
    "chunk-LTDMRT3X": {
      "file": "chunk-LTDMRT3X.js"
    },
    "chunk-HSLEQ7BX": {
      "file": "chunk-HSLEQ7BX.js"
    },
    "chunk-4MSFZOU4": {
      "file": "chunk-4MSFZOU4.js"
    },
    "chunk-OJBAHBQA": {
      "file": "chunk-OJBAHBQA.js"
    },
    "chunk-HNPMCUUM": {
      "file": "chunk-HNPMCUUM.js"
    },
    "chunk-PKDHZ2AZ": {
      "file": "chunk-PKDHZ2AZ.js"
    },
    "chunk-5ZZ2CCZX": {
      "file": "chunk-5ZZ2CCZX.js"
    },
    "chunk-75MT3XXZ": {
      "file": "chunk-75MT3XXZ.js"
    },
    "chunk-UKGXAR6E": {
      "file": "chunk-UKGXAR6E.js"
    },
    "chunk-6Y7T4UFD": {
      "file": "chunk-6Y7T4UFD.js"
    },
    "chunk-QPEXF2MT": {
      "file": "chunk-QPEXF2MT.js"
    },
    "chunk-UBGM4B6N": {
      "file": "chunk-UBGM4B6N.js"
    },
    "chunk-LL5RF35Z": {
      "file": "chunk-LL5RF35Z.js"
    },
    "chunk-733PALXA": {
      "file": "chunk-733PALXA.js"
    },
    "chunk-S35MAB2V": {
      "file": "chunk-S35MAB2V.js"
    }
  }
}